,Resname,NumExp,C_a,C_a_err,C_b,C_b_err,C_g,C_g_err,C_d,C_d_err,tau_a,tau_a_err,tau_b,tau_b_err,tau_g,tau_g_err,tau_d,tau_d_err,Chi_Fit,R2_Fit,AUC_a,AUC_b,AUC_g,AUC_d,AUC_Total,T1,T2,NOE,T1/T2,R1,R2,tau_c,RESNUM
1,0,3.0,0.0009041042015025536,0.0,0.955953861858229,0.002972880237624151,0.04314203394026845,0.002972880237624151,0.0,0.0,0.00025957699598244677,0.0,0.0018130146725790497,0.0,5.962911221082148,1.1601171596762385,0.0,0.0,0.009771005574249193,0.8105233232014702,2.346846526811416e-07,0.0017331583778575751,0.25725211828273364,0.0,0.2589855113452439,4.482218895371353,1.0787000136134808,0.38531997863355194,4.1552042632841,0.22310378483136306,0.9270417978860983,5.535630609313934,1
2,1,3.0,0.46336246545298765,0.012337588081533249,0.3146272442310827,0.014040090057032328,0.22201029031592967,0.026377678138565577,0.0,0.0,0.055073133610027074,0.004950786507205006,1.405588363769253,0.16119613297498026,23.63682503144249,1.6629185037291236,0.0,0.0,0.0030999079476010764,0.995009982650593,0.025518822969763943,0.44223639341599663,5.247618387377381,0.0,5.715373603763141,0.4181940907406185,0.05211568382545125,-0.08537035096406353,8.024342386857235,2.3912341712648493,19.188081717381962,8.385446888930321,2
3,2,3.0,0.26801912328815464,0.012720698161542124,0.3139052907026925,0.016381360086404034,0.4180755860091529,0.029102058247946157,0.0,0.0,0.04422444095811637,0.005907979023466956,0.8639516374038021,0.11351706670853982,13.010221331411818,0.7745911920182355,0.0,0.0,0.0042167480361506885,0.996769132374541,0.011852995893503106,0.2711989898923077,5.439255907238778,0.0,5.722307893024588,0.393128390668445,0.051867073475897967,-0.0022082009746726694,7.579536772035678,2.5436982516059894,19.28005443501046,8.108937663500207,3
4,3,3.0,0.2586868049326563,0.005846214016399732,0.29460342439850057,0.008698081637635954,0.44670977066884315,0.014544295654035685,0.0,0.0,0.04047547907353056,0.0029846281647769863,0.9733345480474065,0.07083818034335146,16.447400653136736,0.6043897891630176,0.0,0.0,0.002169000903494293,0.9981556991311892,0.01047047235965021,0.28674769094013286,7.347214573861292,0.0,7.644432737161075,0.419587057555609,0.03959149187586977,0.07911197270644432,10.597909744627202,2.383295628386887,25.2579519644088,9.833818976209908,4
5,4,3.0,0.2458159720911421,0.005364791079901076,0.26533961217029717,0.013645748436085419,0.4888444157385607,0.008280957356184343,0.0,0.0,0.0446668571326998,0.003472990956855397,1.1834018023631938,0.08862856359342848,30.629851684773627,1.2846074943366488,0.0,0.0,0.0016939422476885662,0.9972447974766981,0.010979826906330765,0.3140033752806805,14.973231951001932,0.0,15.298215153188943,0.4914611199798716,0.02032515719432674,0.10846656212096828,24.179941895704044,2.034748954385153,49.20011148937756,15.361264103266445,5
6,5,3.0,0.25299822451852744,0.003374723178999529,0.2508330544271611,0.008544933566129665,0.49616872105431153,0.005170210387130137,0.0,0.0,0.0428413089942332,0.0024060154740273855,1.3593619865224882,0.0690404988012958,35.091875220539,0.8425986410719198,0.0,0.0,0.0005925992782425854,0.9991617838770228,0.010838775111590619,0.3409729191516091,17.411490847572324,0.0,17.763302541835525,0.5031030420433946,0.017560949044803084,0.1881295418690201,28.648966565521743,1.9876643876737803,56.94453058594438,16.78665935222852,6
7,6,3.0,0.22684601472461688,0.003473348487263969,0.24551416935138415,0.006544376640668987,0.527639815923999,0.010017725127932956,0.0,0.0,0.041113264387198895,0.0025298952105762777,1.3649951518944456,0.08522751891548797,31.81315252289606,1.0590378844530526,0.0,0.0,0.0009119108002577215,0.9987878734776984,0.009326380178555587,0.33512565088603125,16.785885941142983,0.0,17.13033797220757,0.49471504060069804,0.01819259324585028,0.2482327893914904,27.193211760150923,2.0213656710048062,54.96742473633326,16.336010386697787,7
8,7,3.0,0.20765484400594586,0.0034097941707437263,0.23809936562124587,0.010312169782173067,0.5542457903728083,0.013721963952916794,0.0,0.0,0.03965417366376215,0.0033485767889947535,1.965629178865898,0.17053388149435145,47.301585938788264,2.7968880422911195,0.0,0.0,0.0022902134022948183,0.9949811521628574,0.008234381246333217,0.46801506053458075,26.216704884531016,0.0,26.69295432631193,0.5045072410496437,0.011754046538675365,0.41907492591401496,42.922004723192096,1.9821321056155061,85.07708359921945,20.691584184312163,8
9,8,3.0,0.20719109853502943,0.0034585090321254223,0.26028200896023884,0.009957509588425999,0.5325268925047317,0.013416018620551421,0.0,0.0,0.043658161395406396,0.0031829228590455755,2.064705470566212,0.16080225745860352,47.15472550211838,2.4596927666036352,0.0,0.0,0.001116380342636668,0.9973124890576637,0.009045582419533864,0.5374056877901688,25.111159438556726,0.0,25.657610708766427,0.4688889291551849,0.012211458116437394,0.4279649807379048,38.397456281165205,2.1327012386531248,81.89030257197024,19.538394031140978,9
10,9,3.0,0.24019312919936742,0.0045362034413343475,0.2758341448446173,0.01111964325799723,0.48397272595601526,0.015655846699331576,0.0,0.0,0.043733129615086415,0.0031621187050410162,1.6953549233499317,0.15051074808593462,42.66376496496869,2.777807723721026,0.0,0.0,0.0019518689372547205,0.996303131686901,0.010504397251929132,0.46763677549034016,20.64809862964264,0.0,21.12623980238491,0.4614071889503142,0.014786333108605098,0.31550533882916054,31.204977296351608,2.167283093865456,67.63001973883823,17.549934190099734,10
11,10,3.0,0.2669073092809603,0.005408674511836016,0.3151519541677554,0.019366933897780422,0.41794073655128433,0.013958259385944407,0.0,0.0,0.04710466716546643,0.0037036749357261117,1.8778228593205415,0.16480639210900827,37.32948236604406,2.7273607667702624,0.0,0.0,0.002014650481342642,0.99679323162469,0.012572579967709843,0.5917995436957506,15.601511355142636,0.0,16.205883478806097,0.4030813656023809,0.019125842382038485,0.3439894483524545,21.07522155368821,2.480888687338746,52.28527873570279,14.287544913419634,11
12,11,3.0,0.29509679689663715,0.005509034532758538,0.3261779528456322,0.012271615736103306,0.37872525025773063,0.017780650268861845,0.0,0.0,0.04244127461318638,0.0030135048558575252,1.4456232133392757,0.11923423058347524,25.08774620326504,1.6957469272209384,0.0,0.0,0.0019701291794474466,0.996830051154717,0.012524284194561863,0.4715304203131296,9.501362959233985,0.0,9.985417663741677,0.39950386268362265,0.030584427497798106,0.23006075069367637,13.062329275654564,2.503104709132501,32.696377922130274,11.04414396529124,12
13,12,3.0,0.36706348858497995,0.006481252771831918,0.32720901222621396,0.010192494522625144,0.3057274991888061,0.016673747294457062,0.0,0.0,0.03926667414765415,0.0028390950510443934,1.1361951909572015,0.08623395835448411,17.53117878234652,0.9259511139365048,0.0,0.0,0.0017261691183380451,0.997758237212899,0.014413362397767575,0.37177330612928045,5.35976344695866,0.0,5.745950115485709,0.41584687288146915,0.05184482294760207,0.032125126518474434,8.020991282037022,2.4047313211010604,19.288328962192974,8.383397802154592,13
14,13,3.0,0.32440819495355827,0.005458967812176267,0.27172894202639847,0.010581278669855781,0.4038628630200433,0.016040246482032047,0.0,0.0,0.04034295408146769,0.002737268158958833,1.2068782922460366,0.10591995437923368,20.825077290960706,1.0816158835231022,0.0,0.0,0.0018535802666614532,0.9975445385565963,0.013087584912663219,0.32794376150664206,8.41047533734108,0.0,8.751506683760384,0.45127892058836266,0.03488498079302594,0.11546055134113664,12.936195185710993,2.215924463514123,28.665631376810612,10.985435361168511,14
15,14,3.0,0.27242434386137687,0.004685387114237908,0.2604214840234648,0.01306394899780178,0.46715417211515825,0.008378561883563871,0.0,0.0,0.042875287513325554,0.0030233445289521346,1.3157431148994498,0.09478346474253524,29.385621075094527,1.0821490616346545,0.0,0.0,0.001408638879983986,0.998175444517594,0.011680272068685599,0.3426477745757709,13.72761548542553,0.0,14.081943532069985,0.4792500031319436,0.022028638481889178,0.1686493376287337,21.755770495119727,2.086593622253326,45.395451962323904,14.52969380148327,15
16,15,3.0,0.2781880947821667,0.004126882829107959,0.24899616312321976,0.010150402987100272,0.4728157420946136,0.006023520157992314,0.0,0.0,0.03925005808559832,0.0033238434652949358,1.242733185011112,0.07024224769196927,28.842412331421052,0.8457119541586372,0.0,0.0,0.0010405021432389825,0.9988035734225625,0.010918898878921973,0.3094357948536653,13.637146590279679,0.0,13.957501284012267,0.5012625634838029,0.022243186721891073,0.14647371044207624,22.535555257937723,1.9949624664765386,44.95758690079377,14.802283155232548,16
17,16,3.0,0.21018058914582607,0.0044245208097817386,0.2787157393135458,0.011367581386861222,0.5111036715406281,0.01579210219664296,0.0,0.0,0.0440854603412704,0.003414384103468739,1.5904702200326246,0.1369777399057766,35.818387857961966,2.1714551050294153,0.0,0.0,0.0021821734694421604,0.9962380095361725,0.009265908027293164,0.4432890832325709,18.306909542870613,0.0,18.759464534130476,0.4488324403994538,0.01661038257887,0.3311454363254458,27.021198233592262,2.228002947180056,60.20330930078009,16.28193726423045,17
18,17,3.0,0.2502097514237899,0.005837840704790655,0.27812280758688185,0.01857645059471265,0.4716674409893283,0.012738609889921993,0.0,0.0,0.05144636368404202,0.003991514877091083,1.6283705916440352,0.15309198986003017,27.017020953283154,1.3117393602962424,0.0,0.0,0.0016635605062229669,0.9978178643817665,0.012872381869042044,0.452887000739951,12.743049136190129,0.0,13.208808518799122,0.4192226245286355,0.02336717458306152,0.29470794696175984,17.940663858972624,2.385367443191735,42.79507547843989,13.114629419224583,18
19,18,3.0,0.2950682766254302,0.0077891110981742305,0.32756735722911706,0.011628404415949738,0.3773643661454527,0.01941751551412397,0.0,0.0,0.05251251153243128,0.004391014236321064,1.5092422460908075,0.13504132187270895,28.622471313316687,1.6646810385662836,0.0,0.0,0.003241149598972775,0.9969210442140886,0.015494776279147526,0.49437849397050254,10.801100744666154,0.0,11.310974014915804,0.3970406671901412,0.027114591863047575,0.19189782680037226,14.643062643005807,2.5186336882743148,36.88051087218555,11.755053820973814,19
20,19,3.0,0.29046894190529543,0.006416008130166244,0.315747713180752,0.010521377073458116,0.3937833449139525,0.01693738520362436,0.0,0.0,0.044200809839290575,0.0036008987928222293,1.3471093982843914,0.11047757334219499,28.88743530970154,1.5843033233066965,0.0,0.0,0.0017231408035393964,0.9966560565713868,0.012838962465375905,0.42534671191259543,11.375390902239692,0.0,11.813576576617663,0.426101873981155,0.026056988268886905,0.1593005079455171,16.352690862970448,2.346856611206142,38.377420662772465,12.478425312979791,20
21,20,3.0,0.3162873393458626,0.007537673196545893,0.2770598527115208,0.009781615395013543,0.4066528079426166,0.017319288591559436,0.0,0.0,0.04405549810176691,0.003676024701314242,1.1094853798937525,0.10289152572267465,24.613805724664353,1.128363542068597,0.0,0.0,0.0015156743901429378,0.996435906921178,0.013934196278164558,0.30739385593894875,10.00927321208881,0.0,10.330601264305924,0.4755651192813871,0.02977705257716604,0.0017103612884461494,15.970859373975285,2.1027614504425207,33.5829074220338,12.320550270467415,21
22,21,3.0,0.2842603551253297,0.00752436001469172,0.34342443758852326,0.011455000423740246,0.372315207286147,0.018979360438431965,0.0,0.0,0.05081064456389224,0.004028932164299394,1.3252904925697127,0.11181775573423387,29.43331045828722,1.9228878581008713,0.0,0.0,0.0017421579344586897,0.996336222493026,0.014443451867878912,0.45513714205217054,10.958469084394723,0.0,11.428049678314773,0.40442151023186235,0.02686407916199201,0.12030427427991452,15.05435968205634,2.4726676863124353,37.22442872394546,11.933086650267402,22
23,22,3.0,0.3012455182589203,0.00622250635761529,0.3069015661159341,0.00882224636649391,0.39185291562514557,0.015044752724109201,0.0,0.0,0.04401701992234873,0.003083150860913016,1.1507095084341052,0.08444904271353591,21.334635778608817,0.8472871031968195,0.0,0.0,0.0011583209325169914,0.9982448838145732,0.013259929978721163,0.3531545502829236,8.360039233648413,0.0,8.726453713910058,0.42903503271728366,0.03491359765608846,0.07265496401645344,12.288479604520669,2.3308119937584646,28.642135647273047,10.678875746749679,23
24,23,3.0,0.313321201198359,0.006741077519847164,0.2953015281996187,0.009340061644652486,0.39137727060202226,0.01608113916449965,0.0,0.0,0.041892277061709796,0.0032044628986611203,1.0611638559605945,0.08576521904889495,20.57338949313956,0.8814469933564174,0.0,0.0,0.0013674608454406225,0.9976661736637941,0.013125738569909375,0.3133633083353636,8.051957026857282,0.0,8.378446073762555,0.448667236468211,0.03637098734450887,0.012581141657856953,12.335855285378956,2.228823320980007,27.494441944287097,10.701596025795146,24
25,24,3.0,0.32327930411808786,0.007238866868930111,0.31112367067448243,0.011307772792239521,0.36559702520742965,0.018546639661169633,0.0,0.0,0.04718653245926544,0.0036389991553018837,1.2841721868403728,0.11370203160095951,22.840724830396244,1.2983148799214335,0.0,0.0,0.001485382555918337,0.9971847909180269,0.015254429377176897,0.3995363645478541,8.35050105157434,0.0,8.765291845499371,0.41853604641728137,0.03472852351587702,0.09919243267136113,12.051651036242214,2.389280465948201,28.79477440331792,10.564565622307109,25
26,25,3.0,0.2754689116778642,0.006926875943757314,0.3457103723249301,0.0130095630726506,0.37882071599720574,0.019936439016407917,0.0,0.0,0.04834773442434372,0.0042587181628947635,1.4822780732044172,0.12716400937108988,25.350004955275633,1.7153443168275697,0.0,0.0,0.0017769405734992538,0.9970502767872171,0.013318297783964376,0.5124389045765791,9.603107027690228,0.0,10.128864230050771,0.37895919978170234,0.03010631474132444,0.23910606597949402,12.58736590770894,2.6388065010060324,33.215622987804046,10.821415874386073,26
27,26,3.0,0.2742666115872744,0.0069287588925445245,0.33428319895525765,0.010287302293710934,0.39145018945746796,0.01721606118625546,0.0,0.0,0.046283647725572495,0.0038090300207462213,1.2137570015170338,0.09560627671345044,28.600414084279887,1.640326442051892,0.0,0.0,0.001858831061945604,0.9965049230146855,0.012694059233591827,0.40573857322145557,11.195637511853397,0.0,11.614070144308444,0.42370949546077585,0.026487549781873922,0.08663054030486272,15.996553057947647,2.3601075989871774,37.75358642966381,12.331237212245918,27
28,27,3.0,0.3248690322770543,0.007645060861566042,0.3482294656088622,0.012540413752897595,0.3269015021140835,0.020185474614463638,0.0,0.0,0.04972626338046726,0.004104461218417967,1.415472491698048,0.12284228114003057,26.83584406712255,2.048170327064806,0.0,0.0,0.002729617300276229,0.996397529384582,0.016154523063166323,0.49290922936805587,8.772677736041677,0.0,9.2817414884729,0.3904573265835224,0.032778858342896254,0.13697966624531321,11.911864729972857,2.561099336385716,30.5074688550499,10.496510699189264,28
29,28,3.0,0.3032894512208216,0.007548522383353708,0.33043828006764014,0.013023900147779873,0.36627226871153823,0.02057242253113358,0.0,0.0,0.045979170692960765,0.003541557523123437,1.1570515004636928,0.10667089333514725,19.182733916060908,1.2870118362485592,0.0,0.0,0.0023694562858638055,0.9964954446431127,0.013944997447056556,0.382334107762905,7.026103471525399,0.0,7.422382576735361,0.40232213830797064,0.040633736397463864,0.07592768329343424,9.901184926057685,2.4855704043671523,24.61009222037515,9.46361837308505,29
30,29,3.0,0.3454379814502703,0.009892884826746934,0.3680611594102703,0.018179271807047724,0.28650085913945933,0.028072156633794657,0.0,0.0,0.04775092493445745,0.004550086695497559,1.3311830388888495,0.15108380095767346,20.43602350392486,2.2651433995067034,0.0,0.0,0.003793622912501695,0.9937686103292527,0.016494983121742364,0.48995677268071686,5.854938291268657,0.0,6.361390047071116,0.3733064872728944,0.04680676744404997,0.10879712478901471,7.975481060919723,2.6787640560582604,21.364431995765155,8.355520095310554,30
31,30,3.0,0.3539849371645833,0.009744153200696494,0.34917411517587305,0.013746096516176734,0.2968409476595436,0.02349024971687323,0.0,0.0,0.04398652211742307,0.003898370848989184,1.0187797501525464,0.10041598992624969,17.010656756054008,1.3706772871563522,0.0,0.0,0.00227978295352817,0.9956712952507827,0.015570566267824559,0.3557315178186124,5.04945947177829,0.0,5.420761555864727,0.4112790212564482,0.05472018048624151,-0.08302119105135075,7.516039194349104,2.431439359452428,18.274793524327528,8.068692124719439,31
32,31,3.0,0.40495912021926506,0.01731311039166799,0.2733298352432507,0.016328508550143485,0.3217110445374842,0.033641618941811474,0.0,0.0,0.03462566554349403,0.005171812089758501,0.54925177976849,0.07968378702751726,7.811159899602918,0.38180818989188614,0.0,0.0,0.0015971680043746406,0.9988264327782682,0.014021979055499862,0.1501268984711836,2.5129364103505654,0.0,2.6770852878772486,0.4268032636824786,0.10433365199514623,-0.2948277218776316,4.090753611330832,2.34299989032875,9.584635262710076,5.475614704624103,32
33,32,3.0,0.3936018780435973,0.008222377146204102,0.30884693234975835,0.011237233772059317,0.2975511896066444,0.01945961091826342,0.0,0.0,0.04365878420211986,0.0034610721590374277,1.2926233812066488,0.1242544544279202,39.55760060175671,3.7730971781255978,0.0,0.0,0.0026944617564292877,0.9927552425032463,0.017184179455054516,0.3992227659692458,11.770411117037222,0.0,12.186818062461523,0.4688504320035284,0.025350839417956593,-0.03245923824393904,18.494473665098074,2.1328763540362363,39.44642556063357,13.329367478744022,33
34,33,3.0,0.2713693871182423,0.006276229643819119,0.2942478016272851,0.014643419529558433,0.4343828112544726,0.008367189885739314,0.0,0.0,0.046270784934229224,0.003283269967309485,1.122174161938256,0.08439176083099509,36.586271237460295,1.8595254806391368,0.0,0.0,0.001309766429233529,0.9965417392273384,0.012556474549081785,0.3301972801932728,15.892447353446654,0.0,16.23520110818901,0.4924608135618576,0.01917607901125844,-0.01432465881437106,25.680996270026295,2.030618421732333,52.14830411435473,15.854324785722673,34
35,34,3.0,0.22414101061652583,0.005922735203014928,0.22981296482910532,0.01044402623574731,0.5460460245543689,0.016366761438762235,0.0,0.0,0.044282607223487154,0.004242846496094949,1.3993664538545643,0.15598786105690352,42.085078256652054,2.378404648901102,0.0,0.0,0.002048226645697063,0.9939179441733731,0.009925548335807078,0.32159255364270883,22.980389675104362,0.0,23.31190777708288,0.543882268632241,0.013449631449190131,0.20843032947937568,40.43845146886838,1.838633207357186,74.35147972476338,20.066797119732694,35
